{"correctly": {"mistakes": 0, "wpm": 36.46026610906767}, "predict": {"mistakes": 0, "wpm": 48.273333206841095}, "the": {"mistakes": 0.5, "wpm": 91.6356752437405}, "pre-assigned": {"mistakes": 1, "wpm": 26.216152863866615}, "labels": {"mistakes": 0, "wpm": 36.530386512729045}, "practical": {"mistakes": 0, "wpm": 49.42299503375881}, "problems": {"mistakes": 0, "wpm": 78.78649971707527}, "of": {"mistakes": 0, "wpm": 73.10507055156341}, "data": {"mistakes": 0, "wpm": 64.77833763365429}, "acquisition": {"mistakes": 0, "wpm": 57.29633279814559}, "call": {"mistakes": 1, "wpm": 24.557750102267146}, "overall": {"mistakes": 0, "wpm": 37.06556227426961}, "field.[20]": {"mistakes": 0, "wpm": 42.73338541660299}, "Leo": {"mistakes": 0, "wpm": 72.63182265820477}}