{"call": {"mistakes": 1, "biased": 33.49100071446682, "lifetime": 33.49100071446682, "occurrences": 0}}